code_ligne,nom_ligne,sens,vers,couleur,code_arret,nom_arret,refs
401,401,A,Saint-Michel-sur-Orge Rue Berlioz,13395711,1010,Agora,268519181
401,401,A,Saint-Michel-sur-Orge Rue Berlioz,13395711,1095,Aguado,268519177
401,401,A,Saint-Michel-sur-Orge Rue Berlioz,13395711,1305,Aristide BRIAND,268519211
401,401,A,Saint-Michel-sur-Orge Rue Berlioz,13395711,1314,Avenue du Lac,268519185
401,401,A,Saint-Michel-sur-Orge Rue Berlioz,13395711,1325,Bois Briard,268519186
401,401,A,Saint-Michel-sur-Orge Rue Berlioz,13395711,1389,Bois Clairs,268519206
401,401,A,Saint-Michel-sur-Orge Rue Berlioz,13395711,1345,Cimetiere,268519189
401,401,A,Saint-Michel-sur-Orge Rue Berlioz,13395711,1201,College Paul Eluard,268519201
401,401,A,Saint-Michel-sur-Orge Rue Berlioz,13395711,1559,Coquelicots,268519212
401,401,A,Saint-Michel-sur-Orge Rue Berlioz,13395711,1369,Donjon,268519208
401,401,A,Saint-Michel-sur-Orge Rue Berlioz,13395711,1375,Edouard Branly,268519188
401,401,A,Saint-Michel-sur-Orge Rue Berlioz,13395711,1462,Eperon,268519205
401,401,A,Saint-Michel-sur-Orge Rue Berlioz,13395711,1105,Evry Courcouronnes Centre RER,268519182
401,401,A,Saint-Michel-sur-Orge Rue Berlioz,13395711,1636,Gare du Bras de Fer RER,268519174
401,401,A,Saint-Michel-sur-Orge Rue Berlioz,13395711,2267,Gare RER,268519169
401,401,A,Saint-Michel-sur-Orge Rue Berlioz,13395711,2259,Général de Gaulle,268519171
401,401,A,Saint-Michel-sur-Orge Rue Berlioz,13395711,1397,Gustave Courbet,268519170
401,401,A,Saint-Michel-sur-Orge Rue Berlioz,13395711,1371,Guy Môquet,268519207
401,401,A,Saint-Michel-sur-Orge Rue Berlioz,13395711,1560,Hôpital manhès,268519197
401,401,A,Saint-Michel-sur-Orge Rue Berlioz,13395711,1424,Joliot - Curie,268519204
401,401,A,Saint-Michel-sur-Orge Rue Berlioz,13395711,1076,La Garenne,268519187
401,401,A,Saint-Michel-sur-Orge Rue Berlioz,13395711,1503,La Mare aux Moules,268519194
401,401,A,Saint-Michel-sur-Orge Rue Berlioz,13395711,1580,La Tour,268519213
401,401,A,Saint-Michel-sur-Orge Rue Berlioz,13395711,1356,Les Closeaux St Spire,268519195
401,401,A,Saint-Michel-sur-Orge Rue Berlioz,13395711,1056,Les Estudines,268519184
401,401,A,Saint-Michel-sur-Orge Rue Berlioz,13395711,1034,Les Galants Courts,268519179
401,401,A,Saint-Michel-sur-Orge Rue Berlioz,13395711,1004,Les Miroirs,268519180
401,401,A,Saint-Michel-sur-Orge Rue Berlioz,13395711,1124,Les Quinconges,268519193
401,401,A,Saint-Michel-sur-Orge Rue Berlioz,13395711,1126,Les Remises,268519192
401,401,A,Saint-Michel-sur-Orge Rue Berlioz,13395711,1487,Louis Bourdet,268519190
401,401,A,Saint-Michel-sur-Orge Rue Berlioz,13395711,1491,Louis Tostain,268519210
401,401,A,Saint-Michel-sur-Orge Rue Berlioz,13395711,1207,Mairie,268519198
401,401,A,Saint-Michel-sur-Orge Rue Berlioz,13395711,1197,Marche,268519209
401,401,A,Saint-Michel-sur-Orge Rue Berlioz,13395711,1121,Marinière Lycée,268519191
401,401,A,Saint-Michel-sur-Orge Rue Berlioz,13395711,1064,Monseigneur Roméro,268519183
401,401,A,Saint-Michel-sur-Orge Rue Berlioz,13395711,1091,Pasteur,268519175
401,401,A,Saint-Michel-sur-Orge Rue Berlioz,13395711,1199,Pierre Mendès-France,268519202
401,401,A,Saint-Michel-sur-Orge Rue Berlioz,13395711,1531,Piscine,268519200
401,401,A,Saint-Michel-sur-Orge Rue Berlioz,13395711,1047,Préfecture,268519178
401,401,A,Saint-Michel-sur-Orge Rue Berlioz,13395711,1205,Rond-Point de Fleury,268519199
401,401,A,Saint-Michel-sur-Orge Rue Berlioz,13395711,1019,Rond-Point Hopit,268519173
401,401,A,Saint-Michel-sur-Orge Rue Berlioz,13395711,1099,Saint-Exupéry,268519176
401,401,A,Saint-Michel-sur-Orge Rue Berlioz,13395711,1195,Saint Hubert,268519203
401,401,A,Saint-Michel-sur-Orge Rue Berlioz,13395711,2255,Strathkelvin,268519172
401,401,A,Saint-Michel-sur-Orge Rue Berlioz,13395711,1595,Z.I. des Ciroliers,268519196
401,401,R,Corbeil-Essonnes Gare RER,13395711,1007,Agora,268552226
401,401,R,Corbeil-Essonnes Gare RER,13395711,1094,Aguado,268552230
401,401,R,Corbeil-Essonnes Gare RER,13395711,1304,Aristide BRIAND,268552196
401,401,R,Corbeil-Essonnes Gare RER,13395711,1315,Avenue du Lac,268552222
401,401,R,Corbeil-Essonnes Gare RER,13395711,1326,Bois Briard,268552221
401,401,R,Corbeil-Essonnes Gare RER,13395711,1388,Bois Clairs,268552201
401,401,R,Corbeil-Essonnes Gare RER,13395711,1344,Cimetiere,268552218
401,401,R,Corbeil-Essonnes Gare RER,13395711,1200,College Paul Eluard,268552206
401,401,R,Corbeil-Essonnes Gare RER,13395711,1186,Coquelicots,268552195
401,401,R,Corbeil-Essonnes Gare RER,13395711,1144,Donjon,268552199
401,401,R,Corbeil-Essonnes Gare RER,13395711,1374,Edouard Branly,268552219
401,401,R,Corbeil-Essonnes Gare RER,13395711,1461,Eperon,268552202
401,401,R,Corbeil-Essonnes Gare RER,13395711,1143,Evry Courcouronnes Centre RER,268552225
401,401,R,Corbeil-Essonnes Gare RER,13395711,1072,Gare du Bras de Fer RER,268552233
401,401,R,Corbeil-Essonnes Gare RER,13395711,2256,Général de Gaulle,268552236
401,401,R,Corbeil-Essonnes Gare RER,13395711,1396,Gustave Courbet,268552237
401,401,R,Corbeil-Essonnes Gare RER,13395711,1370,Guy Moquet,268552200
401,401,R,Corbeil-Essonnes Gare RER,13395711,1561,Hôpital manhès,268552210
401,401,R,Corbeil-Essonnes Gare RER,13395711,1423,Joliot - Curie,268552203
401,401,R,Corbeil-Essonnes Gare RER,13395711,1075,La Garenne,268552220
401,401,R,Corbeil-Essonnes Gare RER,13395711,1502,La Mare aux Moules,268552213
401,401,R,Corbeil-Essonnes Gare RER,13395711,1579,La Tour,268552194
401,401,R,Corbeil-Essonnes Gare RER,13395711,1355,Les Closeaux St Spire,268552212
401,401,R,Corbeil-Essonnes Gare RER,13395711,1055,Les Estudines,268552223
401,401,R,Corbeil-Essonnes Gare RER,13395711,1033,Les Galants Courts,268552228
401,401,R,Corbeil-Essonnes Gare RER,13395711,1003,Les Miroirs,268552227
401,401,R,Corbeil-Essonnes Gare RER,13395711,1123,Les Quinconges,268552214
401,401,R,Corbeil-Essonnes Gare RER,13395711,1125,Les Remises,268552215
401,401,R,Corbeil-Essonnes Gare RER,13395711,1486,Louis Bourdet,268552217
401,401,R,Corbeil-Essonnes Gare RER,13395711,1490,Louis Tostain,268552197
401,401,R,Corbeil-Essonnes Gare RER,13395711,1206,Mairie,268552209
401,401,R,Corbeil-Essonnes Gare RER,13395711,1196,Marche,268552198
401,401,R,Corbeil-Essonnes Gare RER,13395711,1120,Marinière Lycée,268552216
401,401,R,Corbeil-Essonnes Gare RER,13395711,1065,Monseigneur Roméro,268552224
401,401,R,Corbeil-Essonnes Gare RER,13395711,1090,Pasteur,268552232
401,401,R,Corbeil-Essonnes Gare RER,13395711,1198,Pierre Mendès-France,268552205
401,401,R,Corbeil-Essonnes Gare RER,13395711,1530,Piscine,268552207
401,401,R,Corbeil-Essonnes Gare RER,13395711,1046,Préfecture,268552229
401,401,R,Corbeil-Essonnes Gare RER,13395711,1204,Rond-Point de Fleury,268552208
401,401,R,Corbeil-Essonnes Gare RER,13395711,1020,Rond-Point Hopit,268552234
401,401,R,Corbeil-Essonnes Gare RER,13395711,1187,Rue Berlioz,268552193
401,401,R,Corbeil-Essonnes Gare RER,13395711,1098,Saint-Exupéry,268552231
401,401,R,Corbeil-Essonnes Gare RER,13395711,1194,Saint Hubert,268552204
401,401,R,Corbeil-Essonnes Gare RER,13395711,1568,Strathkelvin,268552235
401,401,R,Corbeil-Essonnes Gare RER,13395711,1596,Z.I. des Ciroliers,268552211
402,402,A,Viry-Châtillon La Treille,16711680,1012,Agora,268575246|268574744
402,402,A,Viry-Châtillon La Treille,16711680,2286,Ambroise Croizat,268574732
402,402,A,Viry-Châtillon La Treille,16711680,1544,Auguste Plat,268575255|268574753
402,402,A,Viry-Châtillon La Treille,16711680,1023,Bois de l'Epine RER,268575253|268574751
402,402,A,Viry-Châtillon La Treille,16711680,1331,Cavignon,268574725
402,402,A,Viry-Châtillon La Treille,16711680,1601,CES Albert Camus,268575258|268574756
402,402,A,Viry-Châtillon La Treille,16711680,1113,Charles Robin,268575234
402,402,A,Viry-Châtillon La Treille,16711680,1127,Evry Courcouronnes Centre RER,268575245|268574743
402,402,A,Viry-Châtillon La Treille,16711680,1069,Gare du Bras de Fer RER,268575238|268574736
402,402,A,Viry-Châtillon La Treille,16711680,2267,Gare RER,268575233
402,402,A,Viry-Châtillon La Treille,16711680,1179,Grigny Centre RER,268575259|268574757
402,402,A,Viry-Châtillon La Treille,16711680,1106,Hopital Sud Fran,268575237|268574735
402,402,A,Viry-Châtillon La Treille,16711680,1646,Jean Jaurès,268575257|268574755
402,402,A,Viry-Châtillon La Treille,16711680,1037,Jean Renoir,268575249|268574747
402,402,A,Viry-Châtillon La Treille,16711680,1081,Jean Rostand,268575243|268574741
402,402,A,Viry-Châtillon La Treille,16711680,1436,La Demi-Lune,268574724
402,402,A,Viry-Châtillon La Treille,16711680,1562,La Ferme Neuve,268575261|268574759
402,402,A,Viry-Châtillon La Treille,16711680,1650,La Mare à Pilatre,268575254|268574752
402,402,A,Viry-Châtillon La Treille,16711680,1177,Le Damier,268575262|268574760
402,402,A,Viry-Châtillon La Treille,16711680,1243,Léon Cassé,268574731
402,402,A,Viry-Châtillon La Treille,16711680,2277,L'Ermitage,268574728
402,402,A,Viry-Châtillon La Treille,16711680,1006,Les Miroirs,268575247|268574745
402,402,A,Viry-Châtillon La Treille,16711680,1049,Lisière des deux Parcs,268575242|268574740
402,402,A,Viry-Châtillon La Treille,16711680,1045,Lycée Georges Brassens,268575250|268574748
402,402,A,Viry-Châtillon La Treille,16711680,1224,Mairie,268574722
402,402,A,Viry-Châtillon La Treille,16711680,1039,Marchais Guesdon,268575252|268574750
402,402,A,Viry-Châtillon La Treille,16711680,1065,Monseigneur Roméro,268575244|268574742
402,402,A,Viry-Châtillon La Treille,16711680,1104,Montagne des Gla,268575235
402,402,A,Viry-Châtillon La Treille,16711680,2281,Montconseil,268574729
402,402,A,Viry-Châtillon La Treille,16711680,1041,Orme à Martin,268575251|268574749
402,402,A,Viry-Châtillon La Treille,16711680,1085,Parc des Loges,268575248|268574746
402,402,A,Viry-Châtillon La Treille,16711680,1214,Place de la Carp,268575264|268574762
402,402,A,Viry-Châtillon La Treille,16711680,1067,Place de la Commune,268575241|268574739
402,402,A,Viry-Châtillon La Treille,16711680,1063,Place Jean Malézieux,268575240|268574738
402,402,A,Viry-Châtillon La Treille,16711680,1212,Plaine Centrale,268575263|268574761
402,402,A,Viry-Châtillon La Treille,16711680,1538,Pressoir Prompt,268574727
402,402,A,Viry-Châtillon La Treille,16711680,1611,RN7 / LISSES,268574733
402,402,A,Viry-Châtillon La Treille,16711680,1569,Rue Departement,268574730
402,402,A,Viry-Châtillon La Treille,16711680,1573,Rue du Chene,268574726
402,402,A,Viry-Châtillon La Treille,16711680,1575,Rue du Puits,268574723
402,402,A,Viry-Châtillon La Treille,16711680,1653,Salvador Allende,268575256|268574754
402,402,A,Viry-Châtillon La Treille,16711680,2269,Tarterets,268575236|268574734
402,402,A,Viry-Châtillon La Treille,16711680,1052,Temps des cerises SNECMA,268575239|268574737
402,402,A,Viry-Châtillon La Treille,16711680,1226,Terminal David Douillet,268574721
402,402,A,Viry-Châtillon La Treille,16711680,1588,Toussaint Louverture,268575260|268574758
402,402,R,Le Coudray-Montceaux Terminal David Douillet,16711680,1008,Agora,268609300|268608788
402,402,R,Le Coudray-Montceaux Terminal David Douillet,16711680,1303,Ambroise Croizat,268608800
402,402,R,Le Coudray-Montceaux Terminal David Douillet,16711680,1545,Auguste Plat,268609291|268608779
402,402,R,Le Coudray-Montceaux Terminal David Douillet,16711680,1021,Bois de l'Epine RER,268609293|268608781
402,402,R,Le Coudray-Montceaux Terminal David Douillet,16711680,1332,Cavignon,268608807
402,402,R,Le Coudray-Montceaux Terminal David Douillet,16711680,1602,CES Albert Camus,268609288|268608776
402,402,R,Le Coudray-Montceaux Terminal David Douillet,16711680,1114,Charles Robin,268609312
402,402,R,Le Coudray-Montceaux Terminal David Douillet,16711680,1619,Evry Courcouronnes Centre RER,268609301|268608789
402,402,R,Le Coudray-Montceaux Terminal David Douillet,16711680,1068,Gare du Bras de Fer RER,268609308|268608796
402,402,R,Le Coudray-Montceaux Terminal David Douillet,16711680,1178,Grigny Centre RER,268609287|268608775
402,402,R,Le Coudray-Montceaux Terminal David Douillet,16711680,1107,Hopital Sud Fran,268609309|268608797
402,402,R,Le Coudray-Montceaux Terminal David Douillet,16711680,1647,Jean Jaurès,268609289|268608777
402,402,R,Le Coudray-Montceaux Terminal David Douillet,16711680,1036,Jean Renoir,268609297|268608785
402,402,R,Le Coudray-Montceaux Terminal David Douillet,16711680,1080,Jean Rostand,268609303|268608791
402,402,R,Le Coudray-Montceaux Terminal David Douillet,16711680,1437,La Demi-Lune,268608808
402,402,R,Le Coudray-Montceaux Terminal David Douillet,16711680,1563,La Ferme Neuve,268609285|268608773
402,402,R,Le Coudray-Montceaux Terminal David Douillet,16711680,1651,La Mare à Pilatre,268609292|268608780
402,402,R,Le Coudray-Montceaux Terminal David Douillet,16711680,1182,La Treille,268609281|268608769
402,402,R,Le Coudray-Montceaux Terminal David Douillet,16711680,1176,Le Damier,268609284|268608772
402,402,R,Le Coudray-Montceaux Terminal David Douillet,16711680,1242,Léon Cassé,268608801
402,402,R,Le Coudray-Montceaux Terminal David Douillet,16711680,2278,L'Ermitage,268608804
402,402,R,Le Coudray-Montceaux Terminal David Douillet,16711680,1005,Les Miroirs,268609299|268608787
402,402,R,Le Coudray-Montceaux Terminal David Douillet,16711680,1048,Lisière des deux Parcs,268609304|268608792
402,402,R,Le Coudray-Montceaux Terminal David Douillet,16711680,1044,Lycée Georges Brassens,268609296|268608784
402,402,R,Le Coudray-Montceaux Terminal David Douillet,16711680,2268,Mairie,268608810
402,402,R,Le Coudray-Montceaux Terminal David Douillet,16711680,1038,Marchais Guesdon,268609294|268608782
402,402,R,Le Coudray-Montceaux Terminal David Douillet,16711680,1064,Monseigneur Roméro,268609302|268608790
402,402,R,Le Coudray-Montceaux Terminal David Douillet,16711680,1112,Montagne des Gla,268609311
402,402,R,Le Coudray-Montceaux Terminal David Douillet,16711680,1652,Montconseil,268608803
402,402,R,Le Coudray-Montceaux Terminal David Douillet,16711680,1040,Orme à Martin,268609295|268608783
402,402,R,Le Coudray-Montceaux Terminal David Douillet,16711680,1084,Parc des Loges,268609298|268608786
402,402,R,Le Coudray-Montceaux Terminal David Douillet,16711680,1215,Place de la Carp,268609282|268608770
402,402,R,Le Coudray-Montceaux Terminal David Douillet,16711680,1066,Place de la Commune,268609305|268608793
402,402,R,Le Coudray-Montceaux Terminal David Douillet,16711680,1062,Place Jean Malézieux,268609306|268608794
402,402,R,Le Coudray-Montceaux Terminal David Douillet,16711680,1213,Plaine Centrale,268609283|268608771
402,402,R,Le Coudray-Montceaux Terminal David Douillet,16711680,1539,Pressoir Prompt,268608805
402,402,R,Le Coudray-Montceaux Terminal David Douillet,16711680,1612,RN7 / LISSES,268608799
402,402,R,Le Coudray-Montceaux Terminal David Douillet,16711680,2274,Rue Departement,268608802
402,402,R,Le Coudray-Montceaux Terminal David Douillet,16711680,1574,Rue du Chene,268608806
402,402,R,Le Coudray-Montceaux Terminal David Douillet,16711680,1576,Rue du Puits,268608809
402,402,R,Le Coudray-Montceaux Terminal David Douillet,16711680,1654,Salvador Allende,268609290|268608778
402,402,R,Le Coudray-Montceaux Terminal David Douillet,16711680,1217,Tarterets,268609310|268608798
402,402,R,Le Coudray-Montceaux Terminal David Douillet,16711680,1051,Temps des cerises SNECMA,268609307|268608795
402,402,R,Le Coudray-Montceaux Terminal David Douillet,16711680,1226,Terminal David Douillet,268608811
402,402,R,Le Coudray-Montceaux Terminal David Douillet,16711680,1589,Toussaint Louverture,268609286|268608774
403,403,A,Imprimerie Nationale,16750899,1008,Agora,268640276
403,403,A,Imprimerie Nationale,16750899,1095,Aguado,268640269
403,403,A,Imprimerie Nationale,16750899,1103,Allée Clémenceau,268640270
403,403,A,Imprimerie Nationale,16750899,1306,Arnaud Massy,268640297
403,403,A,Imprimerie Nationale,16750899,1314,Avenue du Lac,268640280
403,403,A,Imprimerie Nationale,16750899,1325,Bois Briard,268640281
403,403,A,Imprimerie Nationale,16750899,1210,Bois des Coudraies,268640266
403,403,A,Imprimerie Nationale,16750899,1434,Cimetiere,268640291
403,403,A,Imprimerie Nationale,16750899,1622,Evry Courcouronnes Centre RER,268640277
403,403,A,Imprimerie Nationale,16750899,1624,Evry Val de Seine,268640267
403,403,A,Imprimerie Nationale,16750899,1386,Gabriel Jaillard,268640294
403,403,A,Imprimerie Nationale,16750899,1634,Galignani,268640263
403,403,A,Imprimerie Nationale,16750899,1222,Gerville,268640265
403,403,A,Imprimerie Nationale,16750899,1403,Hippodrome,268640287
403,403,A,Imprimerie Nationale,16750899,1409,Imprimerie Nationale,268640298
403,403,A,Imprimerie Nationale,16750899,1190,Jacques Prevert,268640274
403,403,A,Imprimerie Nationale,16750899,1411,Jean Mermoz,268640283
403,403,A,Imprimerie Nationale,16750899,1422,Joliot - Curie,268640286
403,403,A,Imprimerie Nationale,16750899,1372,L'Ecoute s'il Pleut,268640285
403,403,A,Imprimerie Nationale,16750899,1109,Le Parc,268640272
403,403,A,Imprimerie Nationale,16750899,1025,Les Coccinelles,268640293
403,403,A,Imprimerie Nationale,16750899,1056,Les Estudines,268640279
403,403,A,Imprimerie Nationale,16750899,1469,Les Lilas,268640261
403,403,A,Imprimerie Nationale,16750899,1002,Les Miroirs,268640275
403,403,A,Imprimerie Nationale,16750899,1472,Les Osiers,268640284
403,403,A,Imprimerie Nationale,16750899,1474,Les Petits Bois,268640296
403,403,A,Imprimerie Nationale,16750899,1124,Les Quinconges,268640290
403,403,A,Imprimerie Nationale,16750899,1126,Les Remises,268640289
403,403,A,Imprimerie Nationale,16750899,1482,Les Trois Parts,268640295
403,403,A,Imprimerie Nationale,16750899,1223,Mairie,268640262
403,403,A,Imprimerie Nationale,16750899,1121,Marinière Lycée,268640288
403,403,A,Imprimerie Nationale,16750899,1064,Monseigneur Roméro,268640278
403,403,A,Imprimerie Nationale,16750899,1507,ND République,268640264
403,403,A,Imprimerie Nationale,16750899,1074,Nouveaux Champs,268640273
403,403,A,Imprimerie Nationale,16750899,1111,Rue d'Antin,268640271
403,403,A,Imprimerie Nationale,16750899,1557,Rue des Carrières,268640259
403,403,A,Imprimerie Nationale,16750899,1598,Rue des Meillottes,268640260
403,403,A,Imprimerie Nationale,16750899,1570,Rue du Clos,268640292
403,403,A,Imprimerie Nationale,16750899,1581,Rue Jean de la Fontaine,268640258
403,403,A,Imprimerie Nationale,16750899,1101,Saint-Exupéry,268640268
403,403,A,Imprimerie Nationale,16750899,1655,Saint Guénault,268640282
403,403,A,Imprimerie Nationale,16750899,1221,Soisy s/Seine - Les Meillottes,268640257
403,403,R,Soisy-sur-Seine Les Meillottes,16750899,1007,Agora,268673560
403,403,R,Soisy-sur-Seine Les Meillottes,16750899,1094,Aguado,268673567
403,403,R,Soisy-sur-Seine Les Meillottes,16750899,1102,Allée Clémenceau,268673566
403,403,R,Soisy-sur-Seine Les Meillottes,16750899,1307,Arnaud Massy,268673538
403,403,R,Soisy-sur-Seine Les Meillottes,16750899,1315,Avenue du Lac,268673556
403,403,R,Soisy-sur-Seine Les Meillottes,16750899,1326,Bois Briard,268673555
403,403,R,Soisy-sur-Seine Les Meillottes,16750899,1209,Bois des Coudraies,268673570
403,403,R,Soisy-sur-Seine Les Meillottes,16750899,1435,Cimetiere,268673545
403,403,R,Soisy-sur-Seine Les Meillottes,16750899,1118,Evry Courcouronnes Centre RER,268673559
403,403,R,Soisy-sur-Seine Les Meillottes,16750899,1625,Evry Val de Seine,268673569
403,403,R,Soisy-sur-Seine Les Meillottes,16750899,1387,Gabriel Jaillard,268673541
403,403,R,Soisy-sur-Seine Les Meillottes,16750899,1220,Galignani,268673572
403,403,R,Soisy-sur-Seine Les Meillottes,16750899,1639,Gerville,268673571
403,403,R,Soisy-sur-Seine Les Meillottes,16750899,1393,Grand Veneur,268673574
403,403,R,Soisy-sur-Seine Les Meillottes,16750899,1404,Hippodrome,268673549
403,403,R,Soisy-sur-Seine Les Meillottes,16750899,1406,Hôtel de Ville,268673544
403,403,R,Soisy-sur-Seine Les Meillottes,16750899,1409,Imprimerie Nationale,268673537
403,403,R,Soisy-sur-Seine Les Meillottes,16750899,1191,Jacques Prevert,268673562
403,403,R,Soisy-sur-Seine Les Meillottes,16750899,1412,Jean Mermoz,268673553
403,403,R,Soisy-sur-Seine Les Meillottes,16750899,1421,Joliot - Curie,268673550
403,403,R,Soisy-sur-Seine Les Meillottes,16750899,1373,L'Ecoute s'il Pleut,268673551
403,403,R,Soisy-sur-Seine Les Meillottes,16750899,1108,Le Parc,268673564
403,403,R,Soisy-sur-Seine Les Meillottes,16750899,1464,Les Coccinelles,268673542
403,403,R,Soisy-sur-Seine Les Meillottes,16750899,1055,Les Estudines,268673557
403,403,R,Soisy-sur-Seine Les Meillottes,16750899,1003,Les Miroirs,268673561
403,403,R,Soisy-sur-Seine Les Meillottes,16750899,1473,Les Osiers,268673552
403,403,R,Soisy-sur-Seine Les Meillottes,16750899,1475,Les Petits Bois,268673539
403,403,R,Soisy-sur-Seine Les Meillottes,16750899,1123,Les Quinconges,268673546
403,403,R,Soisy-sur-Seine Les Meillottes,16750899,1125,Les Remises,268673547
403,403,R,Soisy-sur-Seine Les Meillottes,16750899,1483,Les Trois Parts,268673540
403,403,R,Soisy-sur-Seine Les Meillottes,16750899,1120,Marinière Lycée,268673548
403,403,R,Soisy-sur-Seine Les Meillottes,16750899,1065,Monseigneur Roméro,268673558
403,403,R,Soisy-sur-Seine Les Meillottes,16750899,1073,Nouveaux Champs,268673563
403,403,R,Soisy-sur-Seine Les Meillottes,16750899,1362,Place du Couvent Mairie,268673573
403,403,R,Soisy-sur-Seine Les Meillottes,16750899,1110,Rue d'Antin,268673565
403,403,R,Soisy-sur-Seine Les Meillottes,16750899,1582,Rue de l'Ermitage,268673575
403,403,R,Soisy-sur-Seine Les Meillottes,16750899,1018,Rue du Clos,268673543
403,403,R,Soisy-sur-Seine Les Meillottes,16750899,1100,Saint-Exupéry,268673568
403,403,R,Soisy-sur-Seine Les Meillottes,16750899,1128,Saint Guénault,268673554
403,403,R,Soisy-sur-Seine Les Meillottes,16750899,1221,Soisy s/Seine - Les Meillottes,268673576
404,404,A,Evry Gare du Bras de Fer RER,65280,1009,Agora,268707859
404,404,A,Evry Gare du Bras de Fer RER,65280,1094,Aguado,268707866
404,404,A,Evry Gare du Bras de Fer RER,65280,1102,Allée Clémenceau,268707865
404,404,A,Evry Gare du Bras de Fer RER,65280,1022,Bois de l'Epine RER,268707841
404,404,A,Evry Gare du Bras de Fer RER,65280,1145,Chemin de la Joute,268707851
404,404,A,Evry Gare du Bras de Fer RER,65280,1340,Chemin du Vexin,268707850
404,404,A,Evry Gare du Bras de Fer RER,65280,1342,Chemin Vert - Piscine,268707849
404,404,A,Evry Gare du Bras de Fer RER,65280,1129,Collège Paul Fort,268707847
404,404,A,Evry Gare du Bras de Fer RER,65280,1118,Evry Courcouronnes Centre RER,268707858
404,404,A,Evry Gare du Bras de Fer RER,65280,1636,Gare du Bras de Fer RER,268707869
404,404,A,Evry Gare du Bras de Fer RER,65280,1035,Gaspéri,268707854
404,404,A,Evry Gare du Bras de Fer RER,65280,1191,Jacques Prevert,268707861
404,404,A,Evry Gare du Bras de Fer RER,65280,1413,Jean Mermoz,268707844
404,404,A,Evry Gare du Bras de Fer RER,65280,1060,JM.Djibaou,268707855
404,404,A,Evry Gare du Bras de Fer RER,65280,1140,La Garenne,268707845
404,404,A,Evry Gare du Bras de Fer RER,65280,1131,Le Lac,268707848
404,404,A,Evry Gare du Bras de Fer RER,65280,1108,Le Parc,268707863
404,404,A,Evry Gare du Bras de Fer RER,65280,1055,Les Estudines,268707856
404,404,A,Evry Gare du Bras de Fer RER,65280,1001,Les Miroirs,268707860
404,404,A,Evry Gare du Bras de Fer RER,65280,1038,Marchais Guesdon,268707842
404,404,A,Evry Gare du Bras de Fer RER,65280,1065,Monseigneur Roméro,268707857
404,404,A,Evry Gare du Bras de Fer RER,65280,1073,Nouveaux Champs,268707862
404,404,A,Evry Gare du Bras de Fer RER,65280,1043,Orme à Martin,268707843
404,404,A,Evry Gare du Bras de Fer RER,65280,1090,Pasteur,268707868
404,404,A,Evry Gare du Bras de Fer RER,65280,1520,Petite Montagne,268707853
404,404,A,Evry Gare du Bras de Fer RER,65280,1540,Petite Montagne Sud,268707852
404,404,A,Evry Gare du Bras de Fer RER,65280,1110,Rue d'Antin,268707864
404,404,A,Evry Gare du Bras de Fer RER,65280,1098,Saint-Exupéry,268707867
404,404,A,Evry Gare du Bras de Fer RER,65280,1133,Thorigny,268707846
404,404,R,Ris-Orangis Bois de l'Epine RER,65280,1010,Agora,268740875
404,404,R,Ris-Orangis Bois de l'Epine RER,65280,1095,Aguado,268740868
404,404,R,Ris-Orangis Bois de l'Epine RER,65280,1103,Allée Clémenceau,268740869
404,404,R,Ris-Orangis Bois de l'Epine RER,65280,1597,Bois de l'Epine RER,268740893
404,404,R,Ris-Orangis Bois de l'Epine RER,65280,1146,Chemin de la Joute,268740883
404,404,R,Ris-Orangis Bois de l'Epine RER,65280,1341,Chemin du Vexin,268740884
404,404,R,Ris-Orangis Bois de l'Epine RER,65280,1343,Chemin Vert - Piscine,268740885
404,404,R,Ris-Orangis Bois de l'Epine RER,65280,1130,Collège Paul Fort,268740887
404,404,R,Ris-Orangis Bois de l'Epine RER,65280,1622,Evry Courcouronnes Centre RER,268740876
404,404,R,Ris-Orangis Bois de l'Epine RER,65280,1072,Gare du Bras de Fer RER,268740865
404,404,R,Ris-Orangis Bois de l'Epine RER,65280,1115,Gaspéri,268740880
404,404,R,Ris-Orangis Bois de l'Epine RER,65280,1190,Jacques Prevert,268740873
404,404,R,Ris-Orangis Bois de l'Epine RER,65280,1414,Jean Mermoz,268740890
404,404,R,Ris-Orangis Bois de l'Epine RER,65280,1059,JM.Djibaou,268740879
404,404,R,Ris-Orangis Bois de l'Epine RER,65280,1139,La Garenne,268740889
404,404,R,Ris-Orangis Bois de l'Epine RER,65280,1132,Le Lac,268740886
404,404,R,Ris-Orangis Bois de l'Epine RER,65280,1109,Le Parc,268740871
404,404,R,Ris-Orangis Bois de l'Epine RER,65280,1056,Les Estudines,268740878
404,404,R,Ris-Orangis Bois de l'Epine RER,65280,1004,Les Miroirs,268740874
404,404,R,Ris-Orangis Bois de l'Epine RER,65280,1039,Marchais Guesdon,268740892
404,404,R,Ris-Orangis Bois de l'Epine RER,65280,1064,Monseigneur Roméro,268740877
404,404,R,Ris-Orangis Bois de l'Epine RER,65280,1074,Nouveaux Champs,268740872
404,404,R,Ris-Orangis Bois de l'Epine RER,65280,1042,Orme à Martin,268740891
404,404,R,Ris-Orangis Bois de l'Epine RER,65280,1091,Pasteur,268740866
404,404,R,Ris-Orangis Bois de l'Epine RER,65280,1521,Petite Montagne,268740881
404,404,R,Ris-Orangis Bois de l'Epine RER,65280,1541,Petite Montagne Sud,268740882
404,404,R,Ris-Orangis Bois de l'Epine RER,65280,1111,Rue d'Antin,268740870
404,404,R,Ris-Orangis Bois de l'Epine RER,65280,1099,Saint-Exupéry,268740867
404,404,R,Ris-Orangis Bois de l'Epine RER,65280,1134,Thorigny,268740888
405,405,A,Corbeil-Essonnes Henri Dunant,13260,1319,08-mai-45,268767773|268767517
405,405,A,Corbeil-Essonnes Henri Dunant,13260,1011,Agora,268767753|268767497
405,405,A,Corbeil-Essonnes Henri Dunant,13260,1086,Aunettes LEP,268767746|268767490
405,405,A,Corbeil-Essonnes Henri Dunant,13260,1022,Bois de l'Epine RER,268767745|268767489
405,405,A,Corbeil-Essonnes Henri Dunant,13260,1078,Camille Guerin,268767747|268767491
405,405,A,Corbeil-Essonnes Henri Dunant,13260,2276,Centre Commercial,268767532
405,405,A,Corbeil-Essonnes Henri Dunant,13260,1336,Champagne,268767763|268767507
405,405,A,Corbeil-Essonnes Henri Dunant,13260,1146,Chemin de la Joute,268767761|268767505
405,405,A,Corbeil-Essonnes Henri Dunant,13260,1349,Cimetiere,268767526
405,405,A,Corbeil-Essonnes Henri Dunant,13260,1053,Clinique,268767749|268767493
405,405,A,Corbeil-Essonnes Henri Dunant,13260,1613,Complexe Sportif,268767765|268767509
405,405,A,Corbeil-Essonnes Henri Dunant,13260,1360,Cottage,268767534
405,405,A,Corbeil-Essonnes Henri Dunant,13260,1364,Dame du Lac,268767760|268767504
405,405,A,Corbeil-Essonnes Henri Dunant,13260,1640,Evry Courcouronnes Centre RER,268767754|268767498
405,405,A,Corbeil-Essonnes Henri Dunant,13260,1028,Exona,268767771|268767515
405,405,A,Corbeil-Essonnes Henri Dunant,13260,1246,Félicien Rops,268767529
405,405,A,Corbeil-Essonnes Henri Dunant,13260,2261,Gare RER,268767525
405,405,A,Corbeil-Essonnes Henri Dunant,13260,1115,Gaspéri,268767758|268767502
405,405,A,Corbeil-Essonnes Henri Dunant,13260,2256,Général de Gaulle,268767779|268767523
405,405,A,Corbeil-Essonnes Henri Dunant,13260,1396,Gustave Courbet,268767780|268767524
405,405,A,Corbeil-Essonnes Henri Dunant,13260,1216,Henri Dunant,268767539
405,405,A,Corbeil-Essonnes Henri Dunant,13260,1402,Henri Matisse,268767777|268767521
405,405,A,Corbeil-Essonnes Henri Dunant,13260,1190,Jacques Prevert,268767751|268767495
405,405,A,Corbeil-Essonnes Henri Dunant,13260,1059,JM.Djibaou,268767757|268767501
405,405,A,Corbeil-Essonnes Henri Dunant,13260,1449,L'Eglantier,268767768|268767512
405,405,A,Corbeil-Essonnes Henri Dunant,13260,2275,Léon Blum,268767778|268767522
405,405,A,Corbeil-Essonnes Henri Dunant,13260,1242,Léon Cassé,268767533
405,405,A,Corbeil-Essonnes Henri Dunant,13260,1056,Les Estudines,268767756|268767500
405,405,A,Corbeil-Essonnes Henri Dunant,13260,1400,Les Hauts Cornuts,268767769|268767513
405,405,A,Corbeil-Essonnes Henri Dunant,13260,1470,Les Longaines,268767770|268767514
405,405,A,Corbeil-Essonnes Henri Dunant,13260,1142,Les Malines,268767764|268767508
405,405,A,Corbeil-Essonnes Henri Dunant,13260,1004,Les Miroirs,268767752|268767496
405,405,A,Corbeil-Essonnes Henri Dunant,13260,1478,Les Peupliers,268767762|268767506
405,405,A,Corbeil-Essonnes Henri Dunant,13260,1620,Les Tours,268767537
405,405,A,Corbeil-Essonnes Henri Dunant,13260,1488,Louis Drevet,268767535
405,405,A,Corbeil-Essonnes Henri Dunant,13260,2279,Lycée,268767775|268767519
405,405,A,Corbeil-Essonnes Henri Dunant,13260,1057,Lycée Parc des Loges,268767748|268767492
405,405,A,Corbeil-Essonnes Henri Dunant,13260,1657,Mairie,268767766|268767510
405,405,A,Corbeil-Essonnes Henri Dunant,13260,1496,Maison de l'Enfance,268767767|268767511
405,405,A,Corbeil-Essonnes Henri Dunant,13260,1015,Marques Avenue,268767772|268767516
405,405,A,Corbeil-Essonnes Henri Dunant,13260,1082,Maurice Genevoix,268767750|268767494
405,405,A,Corbeil-Essonnes Henri Dunant,13260,1504,MJC,268767530
405,405,A,Corbeil-Essonnes Henri Dunant,13260,1064,Monseigneur Roméro,268767755|268767499
405,405,A,Corbeil-Essonnes Henri Dunant,13260,2288,Pablo Picasso,268767776|268767520
405,405,A,Corbeil-Essonnes Henri Dunant,13260,1512,Parc Chantemerle,268767531
405,405,A,Corbeil-Essonnes Henri Dunant,13260,2284,Parking Crêté,268767528
405,405,A,Corbeil-Essonnes Henri Dunant,13260,1300,Paul Maintenant,268767774|268767518
405,405,A,Corbeil-Essonnes Henri Dunant,13260,1521,Petite Montagne,268767759|268767503
405,405,A,Corbeil-Essonnes Henri Dunant,13260,1658,Salvador Allende,268767536
405,405,A,Corbeil-Essonnes Henri Dunant,13260,2283,Sous-Préfecture,268767527
405,405,A,Corbeil-Essonnes Henri Dunant,13260,1586,Square,268767538
405,405,R,Ris-Orangis Bois de l'Epine RER,13260,1009,Agora,268801563|268801321
405,405,R,Ris-Orangis Bois de l'Epine RER,13260,1087,Aunettes LEP,268801570|268801328
405,405,R,Ris-Orangis Bois de l'Epine RER,13260,1597,Bois de l'Epine RER,268801571|268801329
405,405,R,Ris-Orangis Bois de l'Epine RER,13260,1077,Camille Guerin,268801569|268801327
405,405,R,Ris-Orangis Bois de l'Epine RER,13260,1211,Centre Commercial,268801288
405,405,R,Ris-Orangis Bois de l'Epine RER,13260,1337,Champagne,268801553|268801311
405,405,R,Ris-Orangis Bois de l'Epine RER,13260,1145,Chemin de la Joute,268801555|268801313
405,405,R,Ris-Orangis Bois de l'Epine RER,13260,1350,Cimetiere,268801294
405,405,R,Ris-Orangis Bois de l'Epine RER,13260,1054,Clinique,268801567|268801325
405,405,R,Ris-Orangis Bois de l'Epine RER,13260,1357,Collège Senghor,268801541|268801299
405,405,R,Ris-Orangis Bois de l'Epine RER,13260,1147,Complexe Sportif,268801551|268801309
405,405,R,Ris-Orangis Bois de l'Epine RER,13260,1361,Cottage,268801286
405,405,R,Ris-Orangis Bois de l'Epine RER,13260,1363,Dame du Lac,268801556|268801314
405,405,R,Ris-Orangis Bois de l'Epine RER,13260,1117,Evry Courcouronnes Centre RER,268801562|268801320
405,405,R,Ris-Orangis Bois de l'Epine RER,13260,1027,Exona,268801545|268801303
405,405,R,Ris-Orangis Bois de l'Epine RER,13260,1614,Félicien Rops,268801291
405,405,R,Ris-Orangis Bois de l'Epine RER,13260,2266,Gare RER,268801537|268801295
405,405,R,Ris-Orangis Bois de l'Epine RER,13260,1035,Gaspéri,268801558|268801316
405,405,R,Ris-Orangis Bois de l'Epine RER,13260,1390,Gauguin,268801540|268801298
405,405,R,Ris-Orangis Bois de l'Epine RER,13260,2259,Général de Gaulle,268801539|268801297
405,405,R,Ris-Orangis Bois de l'Epine RER,13260,1397,Gustave Courbet,268801538|268801296
405,405,R,Ris-Orangis Bois de l'Epine RER,13260,1216,Henri Dunant,268801281
405,405,R,Ris-Orangis Bois de l'Epine RER,13260,1191,Jacques Prevert,268801565|268801323
405,405,R,Ris-Orangis Bois de l'Epine RER,13260,1060,JM.Djibaou,268801559|268801317
405,405,R,Ris-Orangis Bois de l'Epine RER,13260,1450,L'Eglantier,268801548|268801306
405,405,R,Ris-Orangis Bois de l'Epine RER,13260,1243,Léon Cassé,268801287
405,405,R,Ris-Orangis Bois de l'Epine RER,13260,1055,Les Estudines,268801560|268801318
405,405,R,Ris-Orangis Bois de l'Epine RER,13260,1401,Les Hauts Cornuts,268801547|268801305
405,405,R,Ris-Orangis Bois de l'Epine RER,13260,1471,Les Longaines,268801546|268801304
405,405,R,Ris-Orangis Bois de l'Epine RER,13260,1141,Les Malines,268801552|268801310
405,405,R,Ris-Orangis Bois de l'Epine RER,13260,1001,Les Miroirs,268801564|268801322
405,405,R,Ris-Orangis Bois de l'Epine RER,13260,1479,Les Peupliers,268801554|268801312
405,405,R,Ris-Orangis Bois de l'Epine RER,13260,2282,Les Tours,268801283
405,405,R,Ris-Orangis Bois de l'Epine RER,13260,1489,Louis Drevet,268801285
405,405,R,Ris-Orangis Bois de l'Epine RER,13260,2280,Lycée,268801542|268801300
405,405,R,Ris-Orangis Bois de l'Epine RER,13260,1058,Lycée Parc des Loges,268801568|268801326
405,405,R,Ris-Orangis Bois de l'Epine RER,13260,1656,Mairie,268801550|268801308
405,405,R,Ris-Orangis Bois de l'Epine RER,13260,1497,Maison de l'Enfance,268801549|268801307
405,405,R,Ris-Orangis Bois de l'Epine RER,13260,1014,Marques Avenue,268801544|268801302
405,405,R,Ris-Orangis Bois de l'Epine RER,13260,1083,Maurice Genevoix,268801566|268801324
405,405,R,Ris-Orangis Bois de l'Epine RER,13260,1505,MJC,268801290
405,405,R,Ris-Orangis Bois de l'Epine RER,13260,1065,Monseigneur Roméro,268801561|268801319
405,405,R,Ris-Orangis Bois de l'Epine RER,13260,1513,Parc Chantemerle,268801289
405,405,R,Ris-Orangis Bois de l'Epine RER,13260,2285,Parking Crêté,268801292
405,405,R,Ris-Orangis Bois de l'Epine RER,13260,1301,Paul Maintenant,268801543|268801301
405,405,R,Ris-Orangis Bois de l'Epine RER,13260,1520,Petite Montagne,268801557|268801315
405,405,R,Ris-Orangis Bois de l'Epine RER,13260,2287,Salvador Allende,268801284
405,405,R,Ris-Orangis Bois de l'Epine RER,13260,1621,Sous-Préfecture,268801293
405,405,R,Ris-Orangis Bois de l'Epine RER,13260,1587,Square,268801282
406,406,A,ZA Bois de l'Epine,13408563,1024,Bois de l'Epine RER,268829953
406,406,A,ZA Bois de l'Epine,13408563,1421,Joliot - Curie,268829955|268829441
406,406,A,ZA Bois de l'Epine,13408563,1536,Pomponne,268829954
406,406,A,ZA Bois de l'Epine,13408563,1659,ZA Bois de L'Epine,268829956|268829442
406,406,R,Ris-Orangis Bois de l'Epine,13408563,1024,Bois de l'Epine RER,268862467
406,406,R,Ris-Orangis Bois de l'Epine,13408563,1537,Pomponne,268862466
406,406,R,Ris-Orangis Bois de l'Epine,13408563,1659,ZA Bois de L'Epine,268862465
407,407,A,Ris-Orangis Gare Val de Ris RER,3407820,1009,Agora,268899591
407,407,A,Ris-Orangis Gare Val de Ris RER,3407820,1116,Aunettes,268899585
407,407,A,Ris-Orangis Gare Val de Ris RER,3407820,1599,Bois Guillaume,268899598
407,407,A,Ris-Orangis Gare Val de Ris RER,3407820,1097,Champs-Elysées Gd Bourg,268899596
407,407,A,Ris-Orangis Gare Val de Ris RER,3407820,1365,Daumesnil,268899601
407,407,A,Ris-Orangis Gare Val de Ris RER,3407820,1616,Edmond Bonté,268899603
407,407,A,Ris-Orangis Gare Val de Ris RER,3407820,1117,Evry Courcouronnes Centre RER,268899590
407,407,A,Ris-Orangis Gare Val de Ris RER,3407820,1119,Gare Val de Ris,268899604
407,407,A,Ris-Orangis Gare Val de Ris RER,3407820,1398,Gutenberg,268899597
407,407,A,Ris-Orangis Gare Val de Ris RER,3407820,1378,Hameaux de la Roche,268899600
407,407,A,Ris-Orangis Gare Val de Ris RER,3407820,1191,Jacques Prevert,268899593
407,407,A,Ris-Orangis Gare Val de Ris RER,3407820,1440,La Fontaine,268899602
407,407,A,Ris-Orangis Gare Val de Ris RER,3407820,1055,Les Estudines,268899588
407,407,A,Ris-Orangis Gare Val de Ris RER,3407820,1001,Les Miroirs,268899592
407,407,A,Ris-Orangis Gare Val de Ris RER,3407820,1065,Monseigneur Roméro,268899589
407,407,A,Ris-Orangis Gare Val de Ris RER,3407820,1073,Nouveaux Champs,268899594
407,407,A,Ris-Orangis Gare Val de Ris RER,3407820,1061,Place des Aunettes,268899587
407,407,A,Ris-Orangis Gare Val de Ris RER,3407820,1093,Ratisbonne,268899595
407,407,A,Ris-Orangis Gare Val de Ris RER,3407820,1553,Route de Mennecy,268899599
407,407,A,Ris-Orangis Gare Val de Ris RER,3407820,1050,Yerres Louise Michel,268899586
407,407,R,Evry Aunettes,3407820,1011,Agora,268932622
407,407,R,Evry Aunettes,3407820,1600,Bois Guillaume,268932615
407,407,R,Evry Aunettes,3407820,1605,Centre Cial les Aunettes,268932613
407,407,R,Evry Aunettes,3407820,1096,Champs-Elysées Gd Bourg,268932617
407,407,R,Evry Aunettes,3407820,1366,Daumesnil,268932612
407,407,R,Evry Aunettes,3407820,1617,Edmond Bonté,268932610
407,407,R,Evry Aunettes,3407820,1640,Evry Courcouronnes Centre RER,268932623
407,407,R,Evry Aunettes,3407820,1119,Gare Val de Ris,268932609
407,407,R,Evry Aunettes,3407820,1399,Gutenberg,268932616
407,407,R,Evry Aunettes,3407820,1190,Jacques Prevert,268932620
407,407,R,Evry Aunettes,3407820,1441,La Fontaine,268932611
407,407,R,Evry Aunettes,3407820,1056,Les Estudines,268932625
407,407,R,Evry Aunettes,3407820,1002,Les Miroirs,268932621
407,407,R,Evry Aunettes,3407820,1064,Monseigneur Roméro,268932624
407,407,R,Evry Aunettes,3407820,1074,Nouveaux Champs,268932619
407,407,R,Evry Aunettes,3407820,1660,Place des Aunettes,268932626
407,407,R,Evry Aunettes,3407820,1092,Ratisbonne,268932618
407,407,R,Evry Aunettes,3407820,1554,Route de Mennecy,268932614
407,407,R,Evry Aunettes,3407820,1661,Yerres Louise Michel,268932627
408,408,A,Evry-Courcouronnes Centre - Evry Val de Seine - Bras de Fer RER,52377,1189,Beauvoir,268964122
408,408,A,Evry-Courcouronnes Centre - Evry Val de Seine - Bras de Fer RER,52377,1233,Blaise Pascal -,268964102
408,408,A,Evry-Courcouronnes Centre - Evry Val de Seine - Bras de Fer RER,52377,1330,Bonhomme en Pierre,268964121
408,408,A,Evry-Courcouronnes Centre - Evry Val de Seine - Bras de Fer RER,52377,1072,Bras de Fer RER,268964097
408,408,A,Evry-Courcouronnes Centre - Evry Val de Seine - Bras de Fer RER,52377,1096,Champs-Elysées Gd Bourg,268964110
408,408,A,Evry-Courcouronnes Centre - Evry Val de Seine - Bras de Fer RER,52377,1054,Clinique,268964108
408,408,A,Evry-Courcouronnes Centre - Evry Val de Seine - Bras de Fer RER,52377,1227,College Paul Elu,268964098
408,408,A,Evry-Courcouronnes Centre - Evry Val de Seine - Bras de Fer RER,52377,1239,Evry-Courcouronn,268964101
408,408,A,Evry-Courcouronnes Centre - Evry Val de Seine - Bras de Fer RER,52377,1627,Evry Val de Seine,268964119
408,408,A,Evry-Courcouronnes Centre - Evry Val de Seine - Bras de Fer RER,52377,1237,Facteur Cheval,268964104
408,408,A,Evry-Courcouronnes Centre - Evry Val de Seine - Bras de Fer RER,52377,1633,Foyer Club,268964118
408,408,A,Evry-Courcouronnes Centre - Evry Val de Seine - Bras de Fer RER,52377,1399,Gutenberg,268964109
408,408,A,Evry-Courcouronnes Centre - Evry Val de Seine - Bras de Fer RER,52377,1229,Institut de Biol,268964099
408,408,A,Evry-Courcouronnes Centre - Evry Val de Seine - Bras de Fer RER,52377,1427,Jules Vallès,268964106
408,408,A,Evry-Courcouronnes Centre - Evry Val de Seine - Bras de Fer RER,52377,1452,Le Grippet,268964124
408,408,A,Evry-Courcouronnes Centre - Evry Val de Seine - Bras de Fer RER,52377,1108,Le Parc,268964112
408,408,A,Evry-Courcouronnes Centre - Evry Val de Seine - Bras de Fer RER,52377,1235,Les Arenes,268964103
408,408,A,Evry-Courcouronnes Centre - Evry Val de Seine - Bras de Fer RER,52377,1481,Les Tourelles,268964123
408,408,A,Evry-Courcouronnes Centre - Evry Val de Seine - Bras de Fer RER,52377,1666,Mairie Annexe,268964117
408,408,A,Evry-Courcouronnes Centre - Evry Val de Seine - Bras de Fer RER,52377,1083,Maurice Genevoix,268964107
408,408,A,Evry-Courcouronnes Centre - Evry Val de Seine - Bras de Fer RER,52377,1510,Nowy Targ,268964115
408,408,A,Evry-Courcouronnes Centre - Evry Val de Seine - Bras de Fer RER,52377,1668,Patton - Mousseau,268964120
408,408,A,Evry-Courcouronnes Centre - Evry Val de Seine - Bras de Fer RER,52377,1523,Petit Bois,268964114
408,408,A,Evry-Courcouronnes Centre - Evry Val de Seine - Bras de Fer RER,52377,1092,Ratisbonne,268964111
408,408,A,Evry-Courcouronnes Centre - Evry Val de Seine - Bras de Fer RER,52377,1549,Rosenberg,268964105
408,408,A,Evry-Courcouronnes Centre - Evry Val de Seine - Bras de Fer RER,52377,1551,Rossini,268964116
408,408,A,Evry-Courcouronnes Centre - Evry Val de Seine - Bras de Fer RER,52377,1110,Rue d'Antin,268964113
408,408,A,Evry-Courcouronnes Centre - Evry Val de Seine - Bras de Fer RER,52377,1231,Sabatier,268964100
408,408,R,Evry Val de Seine - Evry-Courcouronnes Centre - Bras de Fer RER,52377,1188,Beauvoir,268997124
408,408,R,Evry Val de Seine - Evry-Courcouronnes Centre - Bras de Fer RER,52377,1234,Blaise Pascal -,268997145
408,408,R,Evry Val de Seine - Evry-Courcouronnes Centre - Bras de Fer RER,52377,1329,Bonhomme en Pierre,268997125
408,408,R,Evry Val de Seine - Evry-Courcouronnes Centre - Bras de Fer RER,52377,1636,Bras de Fer RER,268997121
408,408,R,Evry Val de Seine - Evry-Courcouronnes Centre - Bras de Fer RER,52377,1097,Champs-Elysées Gd Bourg,268997137
408,408,R,Evry Val de Seine - Evry-Courcouronnes Centre - Bras de Fer RER,52377,1338,Champtier du Coq,268997133
408,408,R,Evry Val de Seine - Evry-Courcouronnes Centre - Bras de Fer RER,52377,1053,Clinique,268997139
408,408,R,Evry Val de Seine - Evry-Courcouronnes Centre - Bras de Fer RER,52377,1228,College Paul Elu,268997149
408,408,R,Evry Val de Seine - Evry-Courcouronnes Centre - Bras de Fer RER,52377,1240,Evry-Courcouronn,268997146
408,408,R,Evry Val de Seine - Evry-Courcouronnes Centre - Bras de Fer RER,52377,1626,Evry Val de Seine,268997127
408,408,R,Evry Val de Seine - Evry-Courcouronnes Centre - Bras de Fer RER,52377,1238,Facteur Cheval,268997143
408,408,R,Evry Val de Seine - Evry-Courcouronnes Centre - Bras de Fer RER,52377,1632,Foyer Club,268997128
408,408,R,Evry Val de Seine - Evry-Courcouronnes Centre - Bras de Fer RER,52377,1398,Gutenberg,268997138
408,408,R,Evry Val de Seine - Evry-Courcouronnes Centre - Bras de Fer RER,52377,1230,Institut de Biol,268997148
408,408,R,Evry Val de Seine - Evry-Courcouronnes Centre - Bras de Fer RER,52377,1429,Jules Vallès,268997141
408,408,R,Evry Val de Seine - Evry-Courcouronnes Centre - Bras de Fer RER,52377,1451,Le Grippet,268997122
408,408,R,Evry Val de Seine - Evry-Courcouronnes Centre - Bras de Fer RER,52377,1109,Le Parc,268997135
408,408,R,Evry Val de Seine - Evry-Courcouronnes Centre - Bras de Fer RER,52377,1236,Les Arenes,268997144
408,408,R,Evry Val de Seine - Evry-Courcouronnes Centre - Bras de Fer RER,52377,1480,Les Tourelles,268997123
408,408,R,Evry Val de Seine - Evry-Courcouronnes Centre - Bras de Fer RER,52377,1665,Mairie Annexe,268997129
408,408,R,Evry Val de Seine - Evry-Courcouronnes Centre - Bras de Fer RER,52377,1082,Maurice Genevoix,268997140
408,408,R,Evry Val de Seine - Evry-Courcouronnes Centre - Bras de Fer RER,52377,1509,Nowy Targ,268997131
408,408,R,Evry Val de Seine - Evry-Courcouronnes Centre - Bras de Fer RER,52377,1667,Patton - Mousseau,268997126
408,408,R,Evry Val de Seine - Evry-Courcouronnes Centre - Bras de Fer RER,52377,1522,Petit Bois,268997132
408,408,R,Evry Val de Seine - Evry-Courcouronnes Centre - Bras de Fer RER,52377,1093,Ratisbonne,268997136
408,408,R,Evry Val de Seine - Evry-Courcouronnes Centre - Bras de Fer RER,52377,1548,Rosenberg,268997142
408,408,R,Evry Val de Seine - Evry-Courcouronnes Centre - Bras de Fer RER,52377,1550,Rossini,268997130
408,408,R,Evry Val de Seine - Evry-Courcouronnes Centre - Bras de Fer RER,52377,1111,Rue d'Antin,268997134
408,408,R,Evry Val de Seine - Evry-Courcouronnes Centre - Bras de Fer RER,52377,1232,Sabatier,268997147
409,409,A,Fleury-Mérogis Clément Ader,39168,1323,Bois Bailleul,269027848|269026065|269025800
409,409,A,Fleury-Mérogis Clément Ader,39168,1026,Centre Commercial,269026049
409,409,A,Fleury-Mérogis Clément Ader,39168,1337,Champagne,269026058
409,409,A,Fleury-Mérogis Clément Ader,39168,1341,Chemin du Vexin,269026060
409,409,A,Fleury-Mérogis Clément Ader,39168,1147,Complexe Sportif,269027844|269026056|269025796
409,409,A,Fleury-Mérogis Clément Ader,39168,1669,Ferme des Folies,269027846|269025798
409,409,A,Fleury-Mérogis Clément Ader,39168,1407,IKEA,269026052
409,409,A,Fleury-Mérogis Clément Ader,39168,1503,La Mare aux Moules,269027852
409,409,A,Fleury-Mérogis Clément Ader,39168,1138,La Vanne,269026062
409,409,A,Fleury-Mérogis Clément Ader,39168,1450,L'Eglantier,269027841|269026053|269025793
409,409,A,Fleury-Mérogis Clément Ader,39168,1455,Le Lunain,269026061
409,409,A,Fleury-Mérogis Clément Ader,39168,1671,Léonard de Vinci,269027845|269025797
409,409,A,Fleury-Mérogis Clément Ader,39168,1459,Les Bocages,269026063
409,409,A,Fleury-Mérogis Clément Ader,39168,1032,Les Brateaux,269026050
409,409,A,Fleury-Mérogis Clément Ader,39168,1356,Les Closeaux St Spire,269027853
409,409,A,Fleury-Mérogis Clément Ader,39168,1141,Les Malines,269026057
409,409,A,Fleury-Mérogis Clément Ader,39168,1479,Les Peupliers,269026059
409,409,A,Fleury-Mérogis Clément Ader,39168,1124,Les Quinconges,269027851
409,409,A,Fleury-Mérogis Clément Ader,39168,1126,Les Remises,269027850
409,409,A,Fleury-Mérogis Clément Ader,39168,1484,Les Vergers,269027847|269026064|269025799
409,409,A,Fleury-Mérogis Clément Ader,39168,1656,Mairie,269027843|269026055|269025795
409,409,A,Fleury-Mérogis Clément Ader,39168,1497,Maison de l'Enfance,269027842|269026054|269025794
409,409,A,Fleury-Mérogis Clément Ader,39168,1121,Marinière Lycée,269027849|269026066|269025801
409,409,A,Fleury-Mérogis Clément Ader,39168,1525,Petits Champs,269026051
409,409,A,Fleury-Mérogis Clément Ader,39168,1595,Z.I. des Ciroliers,269027854
409,409,R,Villabé Centre Commercial,39168,1324,Bois Bailleul,269061634|269061378|269061128|269060354|269059842
409,409,R,Villabé Centre Commercial,39168,1607,Centre Commercial,269061389|269059858
409,409,R,Villabé Centre Commercial,39168,1336,Champagne,269060361|269059849
409,409,R,Villabé Centre Commercial,39168,1340,Chemin du Vexin,269060359|269059847
409,409,R,Villabé Centre Commercial,39168,1352,Clément Ader,269061121
409,409,R,Villabé Centre Commercial,39168,1613,Complexe Sportif,269061891|269061638|269061382|269061132|269060363|269059851
409,409,R,Villabé Centre Commercial,39168,1670,Ferme des Folies,269061889|269061636|269061380|269061130
409,409,R,Villabé Centre Commercial,39168,1408,IKEA,269061386|269059855
409,409,R,Villabé Centre Commercial,39168,1502,La Mare aux Moules,269061124
409,409,R,Villabé Centre Commercial,39168,1137,La Vanne,269060357|269059845
409,409,R,Villabé Centre Commercial,39168,1449,L'Eglantier,269061894|269061641|269061385|269061135|269060366|269059854
409,409,R,Villabé Centre Commercial,39168,1456,Le Lunain,269060358|269059846
409,409,R,Villabé Centre Commercial,39168,1672,Leonard de Vinci,269061890|269061637|269061381|269061131
409,409,R,Villabé Centre Commercial,39168,1460,Les Bocages,269060356|269059844
409,409,R,Villabé Centre Commercial,39168,1031,Les Brateaux,269061388|269059857
409,409,R,Villabé Centre Commercial,39168,1355,Les Closeaux St Spire,269061123
409,409,R,Villabé Centre Commercial,39168,1142,Les Malines,269060362|269059850
409,409,R,Villabé Centre Commercial,39168,1478,Les Peupliers,269060360|269059848
409,409,R,Villabé Centre Commercial,39168,1123,Les Quinconges,269061125
409,409,R,Villabé Centre Commercial,39168,1125,Les Remises,269061126
409,409,R,Villabé Centre Commercial,39168,1485,Les Vergers,269061635|269061379|269061129|269060355|269059843
409,409,R,Villabé Centre Commercial,39168,1657,Mairie,269061892|269061639|269061383|269061133|269060364|269059852
409,409,R,Villabé Centre Commercial,39168,1496,Maison de l'Enfance,269061893|269061640|269061384|269061134|269060365|269059853
409,409,R,Villabé Centre Commercial,39168,1120,Marinière Lycée,269061633|269061377|269061127|269060353|269059841
409,409,R,Villabé Centre Commercial,39168,1524,Petits Champs,269061387|269059856
409,409,R,Villabé Centre Commercial,39168,1596,Z.I. des Ciroliers,269061122
413,413,A,Bondoufle Imprimerie Nationale,16777011,1306,Arnaud Massy,269292059
413,413,A,Bondoufle Imprimerie Nationale,16777011,1545,Auguste Plat,269292038
413,413,A,Bondoufle Imprimerie Nationale,16777011,1021,Bois de l'Epine RER,269292040
413,413,A,Bondoufle Imprimerie Nationale,16777011,1605,Centre Cial les Aunettes,269292033
413,413,A,Bondoufle Imprimerie Nationale,16777011,1345,Cimetiere,269292046
413,413,A,Bondoufle Imprimerie Nationale,16777011,1434,Cimetiere,269292053
413,413,A,Bondoufle Imprimerie Nationale,16777011,1365,Daumesnil,269292035
413,413,A,Bondoufle Imprimerie Nationale,16777011,1375,Edouard Branly,269292045
413,413,A,Bondoufle Imprimerie Nationale,16777011,1381,Faisanderie,269292049
413,413,A,Bondoufle Imprimerie Nationale,16777011,1386,Gabriel Jaillard,269292056
413,413,A,Bondoufle Imprimerie Nationale,16777011,1378,Hameaux de la Roche,269292034
413,413,A,Bondoufle Imprimerie Nationale,16777011,1406,Hôtel de Ville,269292052
413,413,A,Bondoufle Imprimerie Nationale,16777011,1409,Imprimerie Nationale,269292060
413,413,A,Bondoufle Imprimerie Nationale,16777011,1413,Jean Mermoz,269292043
413,413,A,Bondoufle Imprimerie Nationale,16777011,1140,La Garenne,269292044
413,413,A,Bondoufle Imprimerie Nationale,16777011,1651,La Mare à Pilatre,269292039
413,413,A,Bondoufle Imprimerie Nationale,16777011,1025,Les Coccinelles,269292055
413,413,A,Bondoufle Imprimerie Nationale,16777011,1465,Les Demoiselles,269292051
413,413,A,Bondoufle Imprimerie Nationale,16777011,1474,Les Petits Bois,269292058
413,413,A,Bondoufle Imprimerie Nationale,16777011,1482,Les Trois Parts,269292057
413,413,A,Bondoufle Imprimerie Nationale,16777011,1487,Louis Bourdet,269292047
413,413,A,Bondoufle Imprimerie Nationale,16777011,1498,Maisons du Golf,269292050
413,413,A,Bondoufle Imprimerie Nationale,16777011,1038,Marchais Guesdon,269292041
413,413,A,Bondoufle Imprimerie Nationale,16777011,1121,Marinière Lycée,269292048
413,413,A,Bondoufle Imprimerie Nationale,16777011,1043,Orme à Martin,269292042
413,413,A,Bondoufle Imprimerie Nationale,16777011,1570,Rue du Clos,269292054
413,413,A,Bondoufle Imprimerie Nationale,16777011,1662,Sacré-Coeur,269292036
413,413,A,Bondoufle Imprimerie Nationale,16777011,1654,Salvador Allende,269292037
413,413,R,Ris-Orangis Cial Aunettes,16777011,1307,Arnaud Massy,269323266
413,413,R,Ris-Orangis Cial Aunettes,16777011,1544,Auguste Plat,269323285
413,413,R,Ris-Orangis Cial Aunettes,16777011,1313,Avenue de l'Essonne,269323288
413,413,R,Ris-Orangis Cial Aunettes,16777011,1024,Bois de l'Epine RER,269323283
413,413,R,Ris-Orangis Cial Aunettes,16777011,1605,Centre Cial les Aunettes,269323289
413,413,R,Ris-Orangis Cial Aunettes,16777011,1344,Cimetiere,269323277
413,413,R,Ris-Orangis Cial Aunettes,16777011,1374,Edouard Branly,269323278
413,413,R,Ris-Orangis Cial Aunettes,16777011,1382,Faisanderie,269323274
413,413,R,Ris-Orangis Cial Aunettes,16777011,1387,Gabriel Jaillard,269323269
413,413,R,Ris-Orangis Cial Aunettes,16777011,1391,George Sand,269323287
413,413,R,Ris-Orangis Cial Aunettes,16777011,1409,Imprimerie Nationale,269323265
413,413,R,Ris-Orangis Cial Aunettes,16777011,1414,Jean Mermoz,269323280
413,413,R,Ris-Orangis Cial Aunettes,16777011,1139,La Garenne,269323279
413,413,R,Ris-Orangis Cial Aunettes,16777011,1650,La Mare à Pilatre,269323284
413,413,R,Ris-Orangis Cial Aunettes,16777011,1464,Les Coccinelles,269323270
413,413,R,Ris-Orangis Cial Aunettes,16777011,1466,Les Demoiselles,269323272
413,413,R,Ris-Orangis Cial Aunettes,16777011,1475,Les Petits Bois,269323267
413,413,R,Ris-Orangis Cial Aunettes,16777011,1483,Les Trois Parts,269323268
413,413,R,Ris-Orangis Cial Aunettes,16777011,1486,Louis Bourdet,269323276
413,413,R,Ris-Orangis Cial Aunettes,16777011,1499,Maisons du Golf,269323273
413,413,R,Ris-Orangis Cial Aunettes,16777011,1039,Marchais Guesdon,269323282
413,413,R,Ris-Orangis Cial Aunettes,16777011,1121,Marinière Lycée,269323275
413,413,R,Ris-Orangis Cial Aunettes,16777011,1042,Orme à Martin,269323281
413,413,R,Ris-Orangis Cial Aunettes,16777011,1018,Rue du Clos,269323271
413,413,R,Ris-Orangis Cial Aunettes,16777011,1653,Salvador Allende,269323286
414,414,A,Le Plessis-Paté La Tremblaie,16724940,1306,Arnaud Massy,269357333|269357077
414,414,A,Le Plessis-Paté La Tremblaie,16724940,1314,Avenue du Lac,269357316|269357060
414,414,A,Le Plessis-Paté La Tremblaie,16724940,1323,Bois Bailleul,269357326|269357070
414,414,A,Le Plessis-Paté La Tremblaie,16724940,1325,Bois Briard,269357317|269357061
414,414,A,Le Plessis-Paté La Tremblaie,16724940,1146,Chemin de la Joute,269359365
414,414,A,Le Plessis-Paté La Tremblaie,16724940,1380,Eurocontrol,269357084
414,414,A,Le Plessis-Paté La Tremblaie,16724940,1622,Evry Courcouronnes Centre RER,269359361|269357313|269357057
414,414,A,Le Plessis-Paté La Tremblaie,16724940,1381,Faisanderie,269357327|269357071
414,414,A,Le Plessis-Paté La Tremblaie,16724940,1641,Général de Gaulle,269357331|269357075
414,414,A,Le Plessis-Paté La Tremblaie,16724940,1409,Imprimerie Nationale,269359367|269357334|269357078
414,414,A,Le Plessis-Paté La Tremblaie,16724940,1411,Jean Mermoz,269357319|269357063
414,414,A,Le Plessis-Paté La Tremblaie,16724940,1059,JM.Djibaou,269359364
414,414,A,Le Plessis-Paté La Tremblaie,16724940,1140,La Garenne,269357320|269357064
414,414,A,Le Plessis-Paté La Tremblaie,16724940,1448,La Tremblaie,269357338|269357082
414,414,A,Le Plessis-Paté La Tremblaie,16724940,1138,La Vanne,269357323|269357067
414,414,A,Le Plessis-Paté La Tremblaie,16724940,1455,Le Lunain,269359366
414,414,A,Le Plessis-Paté La Tremblaie,16724940,1459,Les Bocages,269357324|269357068
414,414,A,Le Plessis-Paté La Tremblaie,16724940,1465,Les Demoiselles,269357329|269357073
414,414,A,Le Plessis-Paté La Tremblaie,16724940,1056,Les Estudines,269359363|269357315|269357059
414,414,A,Le Plessis-Paté La Tremblaie,16724940,1476,Les Petits Bois,269357332|269357076
414,414,A,Le Plessis-Paté La Tremblaie,16724940,1484,Les Vergers,269357325|269357069
414,414,A,Le Plessis-Paté La Tremblaie,16724940,1680,Mairie,269357322|269357066
414,414,A,Le Plessis-Paté La Tremblaie,16724940,1498,Maisons du Golf,269357328|269357072
414,414,A,Le Plessis-Paté La Tremblaie,16724940,1334,Mare aux Joncs,269357083
414,414,A,Le Plessis-Paté La Tremblaie,16724940,1064,Monseigneur Roméro,269359362|269357314|269357058
414,414,A,Le Plessis-Paté La Tremblaie,16724940,1516,Parc de Tréville,269359368
414,414,A,Le Plessis-Paté La Tremblaie,16724940,1526,Pierre Marcille,269357330|269357074
414,414,A,Le Plessis-Paté La Tremblaie,16724940,1655,Saint Guénault,269357318|269357062
414,414,A,Le Plessis-Paté La Tremblaie,16724940,1133,Thorigny,269357321|269357065
414,414,A,Le Plessis-Paté La Tremblaie,16724940,1682,ZI Bordes Nord,269357337|269357081
414,414,A,Le Plessis-Paté La Tremblaie,16724940,1684,ZI Bordes Sud,269357335|269357079
414,414,A,Le Plessis-Paté La Tremblaie,16724940,1593,ZI Gustave Madiot,269357336|269357080
414,414,R,Evry-Courcouronnes Centre,16724940,1307,Arnaud Massy,269390598|269390344
414,414,R,Evry-Courcouronnes Centre,16724940,1315,Avenue du Lac,269390616|269390362
414,414,R,Evry-Courcouronnes Centre,16724940,1324,Bois Bailleul,269390606|269390352
414,414,R,Evry-Courcouronnes Centre,16724940,1326,Bois Briard,269390615|269390361
414,414,R,Evry-Courcouronnes Centre,16724940,1145,Chemin de la Joute,269390852
414,414,R,Evry-Courcouronnes Centre,16724940,1380,Eurocontrol,269390337
414,414,R,Evry-Courcouronnes Centre,16724940,1143,Evry Courcouronnes Centre RER,269390856|269390619|269390365
414,414,R,Evry-Courcouronnes Centre,16724940,1382,Faisanderie,269390605|269390351
414,414,R,Evry-Courcouronnes Centre,16724940,1642,Général de Gaulle,269390600|269390346
414,414,R,Evry-Courcouronnes Centre,16724940,1409,Imprimerie Nationale,269390850|269390597|269390343
414,414,R,Evry-Courcouronnes Centre,16724940,1412,Jean Mermoz,269390613|269390359
414,414,R,Evry-Courcouronnes Centre,16724940,1060,JM.Djibaou,269390853
414,414,R,Evry-Courcouronnes Centre,16724940,1139,La Garenne,269390612|269390358
414,414,R,Evry-Courcouronnes Centre,16724940,1447,La Tremblaie,269390593|269390339
414,414,R,Evry-Courcouronnes Centre,16724940,1137,La Vanne,269390609|269390355
414,414,R,Evry-Courcouronnes Centre,16724940,1456,Le Lunain,269390851
414,414,R,Evry-Courcouronnes Centre,16724940,1460,Les Bocages,269390608|269390354
414,414,R,Evry-Courcouronnes Centre,16724940,1466,Les Demoiselles,269390603|269390349
414,414,R,Evry-Courcouronnes Centre,16724940,1055,Les Estudines,269390854|269390617|269390363
414,414,R,Evry-Courcouronnes Centre,16724940,1477,Les Petits Bois,269390599|269390345
414,414,R,Evry-Courcouronnes Centre,16724940,1485,Les Vergers,269390607|269390353
414,414,R,Evry-Courcouronnes Centre,16724940,1681,Mairie,269390610|269390356
414,414,R,Evry-Courcouronnes Centre,16724940,1499,Maisons du Golf,269390604|269390350
414,414,R,Evry-Courcouronnes Centre,16724940,1335,Mare aux Joncs,269390338
414,414,R,Evry-Courcouronnes Centre,16724940,1065,Monseigneur Roméro,269390855|269390618|269390364
414,414,R,Evry-Courcouronnes Centre,16724940,1516,Parc de Tréville,269390849
414,414,R,Evry-Courcouronnes Centre,16724940,1663,Pasteur,269390602|269390348
414,414,R,Evry-Courcouronnes Centre,16724940,1527,Pierre Marcille,269390601|269390347
414,414,R,Evry-Courcouronnes Centre,16724940,1128,Saint Guénault,269390614|269390360
414,414,R,Evry-Courcouronnes Centre,16724940,1134,Thorigny,269390611|269390357
414,414,R,Evry-Courcouronnes Centre,16724940,1683,ZI Bordes Nord,269390594|269390340
414,414,R,Evry-Courcouronnes Centre,16724940,1685,ZI Bordes Sud,269390596|269390342
414,414,R,Evry-Courcouronnes Centre,16724940,1594,ZI Gustave Madiot,269390595|269390341
415,415,A,Villabé Gare SNCF,6697728,1310,Aubépine,269419789
415,415,A,Villabé Gare SNCF,6697728,1321,Bel Air,269419788
415,415,A,Villabé Gare SNCF,6697728,1327,Bois Chaland,269419785
415,415,A,Villabé Gare SNCF,6697728,1607,Centre Commercial,269419793
415,415,A,Villabé Gare SNCF,6697728,1348,Cimetiere,269419795
415,415,A,Villabé Gare SNCF,6697728,1354,Clos aux Pois,269419787
415,415,A,Villabé Gare SNCF,6697728,1367,Dauphiné,269419784
415,415,A,Villabé Gare SNCF,6697728,1105,Evry Courcouronnes Centre RER,269419777
415,415,A,Villabé Gare SNCF,6697728,1115,Gaspéri,269419781
415,415,A,Villabé Gare SNCF,6697728,1408,IKEA,269419790
415,415,A,Villabé Gare SNCF,6697728,1059,JM.Djibaou,269419780
415,415,A,Villabé Gare SNCF,6697728,1031,Les Brateaux,269419792
415,415,A,Villabé Gare SNCF,6697728,1056,Les Estudines,269419779
415,415,A,Villabé Gare SNCF,6697728,1686,Mairie,269419794
415,415,A,Villabé Gare SNCF,6697728,1064,Monseigneur Roméro,269419778
415,415,A,Villabé Gare SNCF,6697728,1521,Petite Montagne,269419782
415,415,A,Villabé Gare SNCF,6697728,1542,Petite Montagne Sud,269419783
415,415,A,Villabé Gare SNCF,6697728,1524,Petits Champs,269419791
415,415,A,Villabé Gare SNCF,6697728,1218,Pyrénées,269419786
415,415,A,Villabé Gare SNCF,6697728,1030,Villabé Gare SNCF,269419796
415,415,R,Evry-Courcouronnes Centre,6697728,1311,Aubépine,269453064
415,415,R,Evry-Courcouronnes Centre,6697728,1322,Bel Air,269453065
415,415,R,Evry-Courcouronnes Centre,6697728,1328,Bois Chaland,269453068
415,415,R,Evry-Courcouronnes Centre,6697728,1026,Centre Commercial,269453060
415,415,R,Evry-Courcouronnes Centre,6697728,2289,Cimetiere,269453058
415,415,R,Evry-Courcouronnes Centre,6697728,1354,Clos aux Pois,269453066
415,415,R,Evry-Courcouronnes Centre,6697728,1368,Dauphiné,269453069
415,415,R,Evry-Courcouronnes Centre,6697728,1143,Evry Courcouronnes Centre RER,269453076
415,415,R,Evry-Courcouronnes Centre,6697728,1035,Gaspéri,269453072
415,415,R,Evry-Courcouronnes Centre,6697728,1407,IKEA,269453063
415,415,R,Evry-Courcouronnes Centre,6697728,1060,JM.Djibaou,269453073
415,415,R,Evry-Courcouronnes Centre,6697728,1032,Les Brateaux,269453061
415,415,R,Evry-Courcouronnes Centre,6697728,1055,Les Estudines,269453074
415,415,R,Evry-Courcouronnes Centre,6697728,1029,Mairie,269453059
415,415,R,Evry-Courcouronnes Centre,6697728,1065,Monseigneur Roméro,269453075
415,415,R,Evry-Courcouronnes Centre,6697728,1520,Petite Montagne,269453071
415,415,R,Evry-Courcouronnes Centre,6697728,1543,Petite Montagne Sud,269453070
415,415,R,Evry-Courcouronnes Centre,6697728,1525,Petits Champs,269453062
415,415,R,Evry-Courcouronnes Centre,6697728,1219,Pyrénées,269453067
415,415,R,Evry-Courcouronnes Centre,6697728,1030,Villabé Gare SNCF,269453057
416,416,A,Lisses Ferme des Folies,6697830,1327,Bois Chaland,269485321|269484809
416,416,A,Lisses Ferme des Folies,6697830,1367,Dauphiné,269485320|269484808
416,416,A,Lisses Ferme des Folies,6697830,1105,Evry Courcouronnes Centre RER,269485313|269484801
416,416,A,Lisses Ferme des Folies,6697830,1384,Ferme de Place,269485322|269484810
416,416,A,Lisses Ferme des Folies,6697830,1674,Ferme des Folies,269484814
416,416,A,Lisses Ferme des Folies,6697830,1115,Gaspéri,269485317|269484805
416,416,A,Lisses Ferme des Folies,6697830,1059,JM.Djibaou,269485316|269484804
416,416,A,Lisses Ferme des Folies,6697830,1671,Léonard de Vinci,269485325|269484813
416,416,A,Lisses Ferme des Folies,6697830,1056,Les Estudines,269485315|269484803
416,416,A,Lisses Ferme des Folies,6697830,1495,Mona Lisa,269485323|269484811
416,416,A,Lisses Ferme des Folies,6697830,1064,Monseigneur Roméro,269485314|269484802
416,416,A,Lisses Ferme des Folies,6697830,1521,Petite Montagne,269485318|269484806
416,416,A,Lisses Ferme des Folies,6697830,1542,Petite Montagne Sud,269485319|269484807
416,416,A,Lisses Ferme des Folies,6697830,1493,Plaine a Migne,269485324|269484812
416,416,R,Evry-Courcouronnes Centre,6697830,1328,Bois Chaland,269518598|269518342
416,416,R,Evry-Courcouronnes Centre,6697830,1368,Dauphiné,269518599|269518343
416,416,R,Evry-Courcouronnes Centre,6697830,1143,Evry Courcouronnes Centre RER,269518606|269518350
416,416,R,Evry-Courcouronnes Centre,6697830,1385,Ferme de Place,269518597|269518341
416,416,R,Evry-Courcouronnes Centre,6697830,1673,Ferme des Folies,269518337
416,416,R,Evry-Courcouronnes Centre,6697830,1035,Gaspéri,269518602|269518346
416,416,R,Evry-Courcouronnes Centre,6697830,1060,JM.Djibaou,269518603|269518347
416,416,R,Evry-Courcouronnes Centre,6697830,1672,Leonard de Vinci,269518594|269518338
416,416,R,Evry-Courcouronnes Centre,6697830,1055,Les Estudines,269518604|269518348
416,416,R,Evry-Courcouronnes Centre,6697830,1494,Mona Lisa,269518596|269518340
416,416,R,Evry-Courcouronnes Centre,6697830,1065,Monseigneur Roméro,269518605|269518349
416,416,R,Evry-Courcouronnes Centre,6697830,1520,Petite Montagne,269518601|269518345
416,416,R,Evry-Courcouronnes Centre,6697830,1543,Petite Montagne Sud,269518600|269518344
416,416,R,Evry-Courcouronnes Centre,6697830,1492,Plaine a Migne,269518595|269518339
418,418,A,Ris-Orangis Bois de l'Epine RER,65382,1687,Auguste Plat-Sta,269617940
418,418,A,Ris-Orangis Bois de l'Epine RER,65382,1086,Aunettes LEP,269617922
418,418,A,Ris-Orangis Bois de l'Epine RER,65382,1313,Avenue de l'Essonne,269617926
418,418,A,Ris-Orangis Bois de l'Epine RER,65382,1316,Avenue du Parc,269617935
418,418,A,Ris-Orangis Bois de l'Epine RER,65382,1088,Bois de l'Epine RER,269617921
418,418,A,Ris-Orangis Bois de l'Epine RER,65382,1605,Centre Cial les Aunettes,269617927
418,418,A,Ris-Orangis Bois de l'Epine RER,65382,1690,CES Albert Camus,269617936
418,418,A,Ris-Orangis Bois de l'Epine RER,65382,1351,Cimetiere,269617933
418,418,A,Ris-Orangis Bois de l'Epine RER,65382,1365,Daumesnil,269617929
418,418,A,Ris-Orangis Bois de l'Epine RER,65382,1383,Fauvettes,269617925
418,418,A,Ris-Orangis Bois de l'Epine RER,65382,1555,Gare Val de Ris RER,269617931
418,418,A,Ris-Orangis Bois de l'Epine RER,65382,1378,Hameaux de la Roche,269617928
418,418,A,Ris-Orangis Bois de l'Epine RER,65382,1651,La Mare à Pilatre,269617941
418,418,A,Ris-Orangis Bois de l'Epine RER,65382,1691,Mairie,269617930
418,418,A,Ris-Orangis Bois de l'Epine RER,65382,1692,Maternelle Picasso,269617939
418,418,A,Ris-Orangis Bois de l'Epine RER,65382,1511,Notre Dame Rue du Clos,269617934
418,418,A,Ris-Orangis Bois de l'Epine RER,65382,1552,Route de Grigny,269617937
418,418,A,Ris-Orangis Bois de l'Epine RER,65382,1572,Rue des Perdrix,269617938
418,418,A,Ris-Orangis Bois de l'Epine RER,65382,1693,Rue de Strasbourg,269617923
418,418,A,Ris-Orangis Bois de l'Epine RER,65382,1577,Rue du Temple,269617924
418,418,A,Ris-Orangis Bois de l'Epine RER,65382,1578,Rue Gambetta,269617932
419,419,A,Ris-Orangis Gare Val de Ris RER,16764057,1545,Auguste Plat,269681675
419,419,A,Ris-Orangis Gare Val de Ris RER,16764057,1313,Avenue de l'Essonne,269681679
419,419,A,Ris-Orangis Gare Val de Ris RER,16764057,1316,Avenue du Parc,269681669
419,419,A,Ris-Orangis Gare Val de Ris RER,16764057,1333,CC Ferme du Temple,269681676
419,419,A,Ris-Orangis Gare Val de Ris RER,16764057,1302,CC Moulin à Vent,269681674
419,419,A,Ris-Orangis Gare Val de Ris RER,16764057,1605,Centre Cial les Aunettes,269681680
419,419,A,Ris-Orangis Gare Val de Ris RER,16764057,1690,CES Albert Camus,269681670
419,419,A,Ris-Orangis Gare Val de Ris RER,16764057,1339,Chemin du trousseau,269681684
419,419,A,Ris-Orangis Gare Val de Ris RER,16764057,1351,Cimetiere,269681667
419,419,A,Ris-Orangis Gare Val de Ris RER,16764057,1365,Daumesnil,269681687
419,419,A,Ris-Orangis Gare Val de Ris RER,16764057,1376,Eglise Sacré Coeur,269681673
419,419,A,Ris-Orangis Gare Val de Ris RER,16764057,1383,Fauvettes,269681678
419,419,A,Ris-Orangis Gare Val de Ris RER,16764057,1555,Gare Val de Ris RER,269681665|269681689
419,419,A,Ris-Orangis Gare Val de Ris RER,16764057,1379,Grand-Bourg,269681683
419,419,A,Ris-Orangis Gare Val de Ris RER,16764057,1398,Gutenberg,269681685
419,419,A,Ris-Orangis Gare Val de Ris RER,16764057,1399,Gutenberg,269681681
419,419,A,Ris-Orangis Gare Val de Ris RER,16764057,1378,Hameaux de la Roche,269681686
419,419,A,Ris-Orangis Gare Val de Ris RER,16764057,1647,Jean Jaurès,269681672
419,419,A,Ris-Orangis Gare Val de Ris RER,16764057,1691,Mairie,269681688
419,419,A,Ris-Orangis Gare Val de Ris RER,16764057,1511,Notre Dame Rue du Clos,269681668
419,419,A,Ris-Orangis Gare Val de Ris RER,16764057,1552,Route de Grigny,269681671
419,419,A,Ris-Orangis Gare Val de Ris RER,16764057,1577,Rue du Temple,269681677
419,419,A,Ris-Orangis Gare Val de Ris RER,16764057,1578,Rue Gambetta,269681666
419,419,A,Ris-Orangis Gare Val de Ris RER,16764057,1591,Vieux Cèdre,269681682
420,420,A,Epinay Gare RER,26214,1419,Avenue Jean Merm,269748488
420,420,A,Epinay Gare RER,26214,1317,Barbusse Cassin,269748495
420,420,A,Epinay Gare RER,26214,1148,Cimetiere,269748498
420,420,A,Epinay Gare RER,26214,1089,Gare RER,269748504
420,420,A,Epinay Gare RER,26214,1208,Grigny Centre RE,269748481
420,420,A,Epinay Gare RER,26214,1394,Guérinière,269748500
420,420,A,Epinay Gare RER,26214,1571,Jean Moulin,269748489
420,420,A,Epinay Gare RER,26214,1426,J.P. Timbaud,269748491
420,420,A,Epinay Gare RER,26214,1438,La Ferme Neuve,269748484
420,420,A,Epinay Gare RER,26214,1446,La Rivière,269748503
420,420,A,Epinay Gare RER,26214,1635,La Serpente,269748486
420,420,A,Epinay Gare RER,26214,1071,Le Damier,269748485
420,420,A,Epinay Gare RER,26214,1135,Les Merisiers,269748496
420,420,A,Epinay Gare RER,26214,1184,Les Solstices,269748487
420,420,A,Epinay Gare RER,26214,1174,Mairie,269748483
420,420,A,Epinay Gare RER,26214,1203,Mairie,269748499
420,420,A,Epinay Gare RER,26214,1016,Marché Morsang,269748493
420,420,A,Epinay Gare RER,26214,1172,Pablo Neruda,269748482
420,420,A,Epinay Gare RER,26214,1532,Place Henri IV,269748492
420,420,A,Epinay Gare RER,26214,1534,Place Marcel Sembat,269748494
420,420,A,Epinay Gare RER,26214,1564,Rue de l'Egalité,269748501
420,420,A,Epinay Gare RER,26214,1566,Rue de Morsang,269748502
420,420,A,Epinay Gare RER,26214,1584,Square Jean Lurçat,269748497
420,420,A,Epinay Gare RER,26214,1638,Voie de Compiègne,269748490
420,420,R,Grigny Centre RER,26214,1420,Avenue Jean Merm,269781518
420,420,R,Grigny Centre RER,26214,1318,Barbusse Cassin,269781511
420,420,R,Grigny Centre RER,26214,1149,Cimetiere,269781509
420,420,R,Grigny Centre RER,26214,1089,Gare RER,269781505
420,420,R,Grigny Centre RER,26214,1392,Grand Vaux,269781506
420,420,R,Grigny Centre RER,26214,1395,Gueriniere,269781507
420,420,R,Grigny Centre RER,26214,1180,Jean Moulin,269781517
420,420,R,Grigny Centre RER,26214,1425,J.P. Timbaud,269781515
420,420,R,Grigny Centre RER,26214,1439,La Ferme Neuve,269781522
420,420,R,Grigny Centre RER,26214,1175,La Serpente,269781520
420,420,R,Grigny Centre RER,26214,1070,Le Damier,269781521
420,420,R,Grigny Centre RER,26214,1136,Les Merisiers,269781510
420,420,R,Grigny Centre RER,26214,1183,Les Solstices,269781519
420,420,R,Grigny Centre RER,26214,1173,Mairie,269781523
420,420,R,Grigny Centre RER,26214,1202,Mairie,269781508
420,420,R,Grigny Centre RER,26214,1017,Marché Morsang,269781513
420,420,R,Grigny Centre RER,26214,1171,Pablo Neruda,269781524
420,420,R,Grigny Centre RER,26214,1533,Place Henri IV,269781514
420,420,R,Grigny Centre RER,26214,1535,Place Marcel Sembat,269781512
420,420,R,Grigny Centre RER,26214,1181,Voie de Compiègne,269781516
